id,start_date_local,name,type,moving_time,distance,elapsed_time,total_elevation_gain,max_speed,average_speed,has_heartrate,max_heartrate,average_heartrate,average_cadence,calories,device_watts,icu_average_watts,icu_normalized_watts,icu_joules,icu_intensity,icu_training_load,icu_training_load_edited,icu_rpe,pace,icu_fatigue,icu_fitness,icu_eftp,icu_variability,icu_efficiency,trainer,commute,race,sub_type,icu_ftp,icu_w_prime,p_max,threshold_pace,power_load,hr_load,pace_load,icu_resting_hr,lthr,hr_z1,hr_z2,hr_z3,hr_z4,hr_z5,hr_z6,hr_max,hr_z1_secs,hr_z2_secs,hr_z3_secs,hr_z4_secs,hr_z5_secs,hr_z6_secs,hr_z7_secs,z1_secs,z2_secs,z3_secs,z4_secs,z5_secs,z6_secs,z7_secs,sweet_spot_secs,icu_weight,icu_ignore_power,icu_ignore_hr,icu_ignore_time,icu_recording_time,icu_warmup_time,icu_cooldown_time,icu_hrrc,icu_hrrc_start_bpm,icu_power_spike_threshold,icu_pm_ftp,icu_pm_cp,icu_pm_w_prime,icu_pm_p_max,start_date,icu_sync_date,timezone,file_type,external_id,compliance,gear,description
i102995284,2025-10-21T13:03:23,"Paimio Road Cycling","Ride",3620,27030.85,3675,152.0,12.456,7.468,true,165,144,85.17175,658,true,149,170,541750,60.714287,37,,,7.4670854,35.56394,27.80199,233,1.1409396,1.1805556,,false,false,,280,,,,37,49,,49,177,142,158,165,176,181,186,195,1324,2098,198,0,0,0,0,1584,1420,396,138,37,30,15,210,94.0,false,false,false,3632,1200,600,,,,175,172,14527,879,2025-10-21T10:03:23Z,2025-10-21T11:07:55Z,,"fit","20753794549",,,
i102995236,2025-10-21T10:10:09,"Turku Gravel/Unpaved Cycling","GravelRide",7379,56834.82,8284,333.0,14.77,7.692,true,164,138,85.914604,1648,true,191,214,1421367,76.42857,120,,,7.702239,35.56394,27.80199,233,1.1204189,1.5507246,,false,false,,280,,,,120,89,,49,177,142,158,165,176,181,186,195,4070,3257,52,0,0,0,0,1728,2911,1417,627,327,278,91,763,94.0,false,false,false,7430,1200,600,,,,204,199,18568,1037,2025-10-21T07:10:09Z,2025-10-21T11:07:45Z,,"fit","20753791272",,,
i102896061,2025-10-18T11:02:37,"Lunch Run","Run",2103,6087.63,2106,60.58992,3.331,2.89,true,172,156,76.76457,574,,,,,79.58523,37,,,2.894736,22.509808,25.89304,,,,false,false,false,,,,,,,37,,49,177,149,158,167,176,181,186,195,526,424,947,210,0,0,0,,,,,,,,,94.0,false,false,false,2103,300,300,,,,,,,,2025-10-18T08:02:37Z,2025-10-20T18:40:51Z,,"fit","20723418654",,"ASICS MS4",
i102896064,2025-10-17T13:00:13,"Afternoon Run","Run",1494,5540.0,1497,,3.088,3.702,true,181,164,76.85581,448,,,,,89.172905,33,,,3.708166,20.284622,25.625416,,,,true,false,false,,,,,,,33,,50,177,149,158,167,176,181,186,195,267,74,151,802,193,0,0,,,,,,,,,94.0,false,false,false,1494,300,300,,,,,,,,2025-10-17T10:00:13Z,2025-10-20T18:40:52Z,,"fit","20718153897",,"ASICS MS4",
i102896066,2025-10-15T17:58:13,"Afternoon Run","Run",4299,12778.86,4639,94.92172,3.947,2.963,true,173,157,76.37474,1158,,,,,78.33784,77,,,2.9725192,21.147137,26.060892,,,,false,false,false,,,,,,,77,,47,177,149,158,167,176,181,186,195,415,1696,2038,167,0,0,0,,,,,,,,,94.0,false,false,false,4517,300,300,,,,,,,,2025-10-15T14:58:13Z,2025-10-20T18:40:53Z,,"fit","20698312651",,"ASICS MS4",
i102896073,2025-10-12T17:29:00,"Treadmill Running","VirtualRun",1680,5010.0,1680,,,2.982,,,,,461,,,,,,,,,2.982143,16.727175,26.044659,,,,true,false,false,,,,,,,,,49,177,149,158,167,176,181,186,195,,,,,,,,,,,,,,,,94.0,false,false,false,1680,300,300,,,,,,,,2025-10-12T14:29:00Z,2025-10-20T18:40:54Z,,"fit","20667542188",,,
i102896076,2025-10-11T12:29:45,"Lunch Run","Run",1498,5970.41,2210,23.355423,5.104,3.922,true,187,160,84.706894,475,,,,,86.71552,32,,,3.9855876,19.295883,26.67221,,,,false,false,false,,,,,,,32,,42,177,149,158,167,176,181,186,195,368,158,264,411,223,91,7,,,,,,,,,94.0,false,false,false,1532,300,300,,,,,,,,2025-10-11T09:29:45Z,2025-10-20T18:40:55Z,,"fit","20654269243",,"ASICS MS4",
i102896079,2025-10-09T21:11:38,"Night Run","Run",1527,5010.0,1530,,4.619,3.276,true,171,157,76.39163,440,,,,,79.757484,27,,,3.280943,20.008556,27.183416,,,,true,false,false,,,,,,,27,,44,177,149,158,167,176,181,186,195,95,735,688,8,0,0,0,,,,,,,,,94.0,false,false,false,1528,300,300,,,,,,,,2025-10-09T18:11:38Z,2025-10-20T18:40:55Z,,"fit","20639933458",,"ASICS MS4",
i102896080,2025-10-07T12:14:37,"Lunch Run","Run",3722,11175.16,3918,71.64815,3.658,2.995,true,170,157,76.51946,1008,,,,,78.20377,66,,,3.0024612,21.842655,27.842934,,,,false,false,false,,,,,,,66,,48,177,149,158,167,176,181,186,195,399,1396,1870,71,0,0,0,,,,,,,,,94.0,false,false,false,3885,300,300,,,,,,,,2025-10-07T09:14:37Z,2025-10-20T18:40:57Z,,"fit","20614164337",,"ASICS MS4",
i102896145,2025-10-04T14:23:09,"Afternoon Run","Run",1544,5680.0,1593,,5.458,3.598,true,186,170,75.95222,459,,,,,91.701096,37,,,3.6787565,20.042698,28.23662,,,,true,false,false,,,,,,,37,,52,177,149,158,167,176,181,186,195,253,104,248,283,250,396,0,,,,,,,,,94.0,false,false,false,1584,300,300,33,184,,,,,,2025-10-04T11:23:09Z,2025-10-20T18:41:18Z,,"fit","20585732885",,"ASICS MS4",
i102896147,2025-09-30T18:05:56,"Evening Run","Run",3336,10084.58,3392,86.49941,3.424,3.018,true,169,153,77.113205,906,,,,,77.824615,57,,,3.0229557,26.769428,30.10051,,,,false,false,false,,,,,,,57,,45,177,149,158,167,176,181,186,195,512,2337,471,20,0,0,0,,,,,,,,,94.0,false,false,false,3388,300,300,,,,,,,,2025-09-30T15:05:56Z,2025-10-20T18:41:20Z,,"fit","20547898609",,"ASICS MS4",
i102896153,2025-09-29T21:02:15,"Night Run","Run",1204,4501.99,1218,,4.768,3.695,true,182,174,75.37559,391,,,,,98.84198,33,,,3.7391946,22.127071,29.45236,,,,true,false,false,,,,,,,33,,45,177,149,158,167,176,181,186,195,17,17,34,454,612,74,0,,,,,,,,,94.0,false,false,false,1216,300,300,,,,,,,,2025-09-29T18:02:15Z,2025-10-20T18:41:20Z,,"fit","20539499863",,"ASICS MS4",
i102896154,2025-09-23T22:12:45,"Night Run","Run",1781,5316.15,1843,4.197735,3.247,2.982,true,167,152,78.03807,470,,,,,75.28448,29,,,2.984924,41.788826,33.079544,,,,false,false,false,,,,,,,29,,52,177,149,158,167,176,181,186,195,380,1123,282,0,0,0,0,,,,,,,,,94.0,false,false,false,1842,300,300,,,,,,,,2025-09-23T19:12:45Z,2025-10-20T18:41:21Z,,"fit","20479991168",,"ASICS MS4",
i102896158,2025-09-22T16:34:32,"Afternoon Run","Run",6567,21647.61,7438,60.44525,3.63,3.293,true,174,161,77.49142,1849,,,,,84.19208,132,,,3.296423,43.752743,33.17784,,,,false,false,false,,,,,,,132,,52,177,149,158,167,176,181,186,195,402,749,4643,772,0,0,0,,,,,,,,,94.0,false,false,false,6704,300,300,,,,,,,,2025-09-22T13:34:32Z,2025-10-20T18:41:23Z,,"fit","20466634142",,"ASICS MS4","Tuli jano eikä Sale myyny energiaa"
i102896165,2025-09-21T14:39:42,"Afternoon Run","Run",1099,4349.95,1225,0.0,4.824,3.951,true,182,168,83.82417,359,,,,,95.423744,28,,,3.9580984,30.201052,30.7967,,,,false,false,false,,,,,,,28,,48,177,149,158,167,176,181,186,195,98,114,114,79,559,139,0,,,,,,,,,94.0,false,false,false,1107,300,300,,,,,,,,2025-09-21T11:39:42Z,2025-10-20T18:41:24Z,,"fit","20455759212",,"ASICS MS4",
i102896168,2025-09-19T16:26:50,"Afternoon Ride","Ride",5431,48282.38,5518,450.0,17.346,8.893,true,181,153,89.14014,1442,true,232,259,1270041,92.5,129,,,8.890145,35.228786,31.607763,239,1.1163793,1.6928104,false,false,false,,280,,,,129,93,,50,177,142,158,165,176,181,186,195,665,2439,2127,184,16,0,0,830,1310,1226,950,494,403,218,1079,94.0,false,false,false,5475,1200,600,25,177,,239,234,20051,899,2025-09-19T13:26:50Z,2025-10-20T18:41:25Z,,"fit","20436044268",,,
i102896169,2025-09-16T22:22:51,"Night Run","Run",1322,5027.63,1378,22.748451,4.376,3.793,true,183,167,77.260506,428,,,,,91.499146,32,,,3.8030484,27.717152,30.688168,,,,false,false,false,,,,,,,32,,47,177,149,158,167,176,181,186,195,115,140,126,337,591,20,0,,,,,,,,,94.0,false,false,false,1376,300,300,11,177,,,,,,2025-09-16T19:22:51Z,2025-10-20T18:41:26Z,,"fit","20407636334",,"ASICS MS4",
i102896171,2025-09-15T18:27:07,"Evening Run","Run",3217,10030.91,3308,112.99468,4.227,3.111,true,170,158,76.48886,907,,,,,82.12473,61,,,3.1180944,27.059456,30.656559,,,,false,false,false,,,,,,,61,,47,177,149,158,167,176,181,186,195,418,736,1905,165,0,0,0,,,,,,,,,94.0,false,false,false,3256,300,300,,,,,,,,2025-09-15T15:27:07Z,2025-10-20T18:41:27Z,,"fit","20395036143",,"ASICS MS4",
i102896174,2025-09-13T10:12:03,"Morning Run","Run",1605,5811.48,1756,42.598946,3.975,3.607,true,176,165,76.71247,491,,,,,88.22575,36,,,3.6208599,25.202368,30.646486,,,,false,false,false,,,,,,,36,,45,177,149,158,167,176,181,186,195,156,182,304,971,0,0,0,,,,,,,,,94.0,false,false,false,1665,300,300,,,,,,,,2025-09-13T07:12:03Z,2025-10-20T18:41:28Z,,"fit","20369422686",,"ASICS MS4",
i102896183,2025-09-09T17:05:07,"Afternoon Run","Run",1673,6810.3,2924,25.680408,5.216,2.57,true,185,156,82.97233,662,,,,,69.9722,36,,,4.070711,36.141876,32.777054,,,,false,false,false,,,,,,,36,,45,177,149,158,167,176,181,186,195,402,168,260,327,257,240,0,,,,,,,,,94.0,false,false,false,2647,300,300,63,182,,,,,,2025-09-09T14:05:07Z,2025-10-20T18:41:30Z,,"fit","20331957226",,"ASICS MS4",
i102896190,2025-09-07T09:00:18,"Morning Ride","Ride",7372,50259.35,7791,349.0,14.295,6.811,true,137,112,82.633385,1037,true,108,166,804825,59.285713,72,,,6.8176007,41.717136,33.487297,237,1.537037,1.4821428,false,false,false,,280,,,,72,44,,48,177,142,158,165,176,181,186,195,7372,0,0,0,0,0,0,4920,1345,481,311,147,108,60,313,94.0,false,false,false,7484,1200,600,,,,140,138,10530,738,2025-09-07T06:00:18Z,2025-10-20T18:41:31Z,,"fit","20306274645",,,
i102896193,2025-09-05T14:08:59,"Afternoon Ride","Ride",10885,93745.28,13193,464.0,15.48,8.606,true,174,154,90.397705,2411,true,188,217,2065681,77.5,182,,,8.612336,42.758904,33.34385,237,1.1542553,1.4090909,false,false,false,,280,,,,182,188,,51,177,142,158,165,176,181,186,195,1022,5397,3830,636,0,0,0,2781,3812,2256,1075,389,377,195,1370,94.0,false,false,false,10959,1200,600,,,,199,194,18936,970,2025-09-05T11:08:59Z,2025-10-20T18:41:32Z,,"fit","20289353271",,,
i102896196,2025-09-02T18:44:54,"Evening Run","Run",2446,8419.79,2771,0.0,4.796,3.342,true,189,165,79.45709,750,,,,,89.124985,56,,,3.442269,28.445763,31.213467,,,,false,false,false,,,,,,,56,,52,177,149,158,167,176,181,186,195,574,242,157,598,648,77,131,,,,,,,,,94.0,false,false,false,2538,300,300,41,188,,,,,,2025-09-02T15:44:54Z,2025-10-20T18:41:33Z,,"fit","20258776133",,"ASICS MS4",
i102896200,2025-09-01T21:19:11,"Night Run","Run",2802,10013.86,2958,50.468437,5.235,3.564,true,182,163,78.3029,838,,,,,85.467545,60,,,3.573826,24.214396,30.61623,,,,false,false,false,,,,,,,60,,48,177,149,158,167,176,181,186,195,185,215,1378,930,84,19,0,,,,,,,,,94.0,false,false,false,2957,300,300,,,,,,,,2025-09-01T18:19:11Z,2025-10-20T18:41:34Z,,"fit","20249466145",,"ASICS MS4",
i102896205,2025-08-26T21:22:48,"Night Run","Run",2103,6584.56,2240,57.308567,3.676,3.11,true,175,157,76.54757,580,,,,,81.40506,40,,,3.131032,38.23777,33.689323,,,,false,false,false,,,,,,,40,,48,177,149,158,167,176,181,186,195,319,363,1225,187,0,0,0,,,,,,,,,94.0,false,false,false,2173,300,300,,,,,,,,2025-08-26T18:22:48Z,2025-10-20T18:41:35Z,,"fit","20187529678",,"ASICS MS4",
i102896208,2025-08-23T08:31:41,"Morning Run","Run",2741,9343.06,2999,158.30807,4.339,3.373,true,185,168,78.43464,826,,,,,92.02747,65,,,3.4086318,50.52335,35.172913,,,,false,false,false,,,,,,,65,,46,177,149,158,167,176,181,186,195,165,215,836,784,472,266,0,,,,,,,,,94.0,false,false,false,2763,300,300,21,182,,,,,,2025-08-23T05:31:41Z,2025-10-20T18:41:36Z,,"fit","20147551010",,"ASICS MS4",
i102896212,2025-08-19T18:35:26,"Evening Ride","Ride",9469,85578.94,10479,532.0,16.562,9.036,true,181,152,91.118645,2304,true,212,231,2008610,82.5,179,,,9.037801,74.14391,37.00526,239,1.0896226,1.5197369,false,false,false,,280,,,,179,160,,44,177,142,158,165,176,181,186,195,2012,3577,2904,954,22,0,0,1647,2864,2459,1374,577,373,175,1626,94.0,false,false,false,9491,1200,600,14,181,,227,222,18994,858,2025-08-19T15:35:26Z,2025-10-20T18:41:37Z,,"fit","20112638075",,,
i102896215,2025-08-18T18:31:12,"Evening Run","Run",1667,5509.11,1686,92.67195,4.348,3.267,true,187,170,76.5252,499,,,,,95.90548,43,,,3.304805,30.553558,29.270817,,,,false,false,false,,,,,,,43,,44,177,149,158,167,176,181,186,195,159,120,334,217,216,599,22,,,,,,,,,94.0,false,false,false,1683,300,300,36,183,,,,,,2025-08-18T15:31:12Z,2025-10-20T18:41:38Z,,"fit","20099213136",,"ASICS MS4",
i102896221,2025-08-18T18:16:56,"Evening Run","Run",600,2120.32,743,32.59585,3.686,3.513,true,178,164,73.962685,183,,,,,93.026054,15,,,3.533867,30.553558,29.270817,,,,false,false,false,,,,,,,15,,44,177,149,158,167,176,181,186,195,60,7,30,460,44,0,0,,,,,,,,,94.0,false,false,false,624,0,0,,,,,,,,2025-08-18T15:16:56Z,2025-10-20T18:41:38Z,,"fit","20099204685",,"ASICS MS4",
i102896223,2025-08-14T19:19:47,"Evening Ride","Ride",8578,73594.17,9368,430.0,17.038,8.544,true,180,141,88.836494,1935,true,190,224,1658258,80.0,152,,,8.57941,40.431633,30.69458,239,1.1789473,1.5886525,false,false,false,,280,,,,152,113,,48,177,142,158,165,176,181,186,195,3822,3871,404,455,26,0,0,2277,2581,1698,1071,482,319,150,1237,94.0,false,false,false,8712,1200,600,,,,239,234,20081,934,2025-08-14T16:19:47Z,2025-10-20T18:41:40Z,,"fit","20059549099",,,
i102896227,2025-08-12T18:42:51,"Evening Ride","Ride",5575,48067.21,5638,451.0,16.273,8.618,true,167,144,88.428604,1462,true,207,246,1154361,87.85714,120,,,8.621922,26.876493,28.440863,231,1.1884058,1.7083334,false,false,false,,280,,,,120,56,,47,177,142,158,165,176,181,186,195,1769,2043,244,14,0,0,0,1445,1088,1144,884,422,400,192,1021,94.0,false,false,false,5590,1200,600,,,30,231,226,19384,1383,2025-08-12T15:42:51Z,2025-10-20T18:41:40Z,,"fit","20036654378",,,
i102896229,2025-08-07T19:16:45,"Evening Run","Run",2901,10019.31,2931,49.431103,3.882,3.453,true,179,167,76.25657,872,,,,,90.73082,67,,,3.4537435,22.269487,28.856117,,,,false,false,false,,,,,,,67,,45,177,149,158,167,176,181,186,195,58,27,1327,1283,211,0,0,,,,,,,,,94.0,false,false,false,2930,300,300,,,,,,,,2025-08-07T16:16:45Z,2025-10-20T18:41:42Z,,"fit","19983519904",,"ASICS MS4",
i102896232,2025-08-03T15:42:40,"Afternoon Run","Run",1708,5900.0,1856,,4.059,3.447,true,178,161,73.17391,503,,,,,86.42766,36,,,3.4543326,23.640654,30.00553,,,,true,false,false,,,,,,,36,,52,177,149,158,167,176,181,186,195,194,495,180,797,47,0,0,,,,,,,,,94.0,false,false,false,1735,300,300,,,,,,,,2025-08-03T12:42:40Z,2025-10-20T18:41:42Z,,"fit","19936758001",,"ASICS MS4",
i102896240,2025-08-02T06:41:53,"Rengasrundi","Ride",30337,201410.5,54094,1332.4,15.9,6.553018,,,,,,,,,,,,,,6.639104,21.742691,29.861092,197,,,false,false,false,,280,,,,,,,53,177,142,158,165,176,181,186,195,,,,,,,,,,,,,,,,94.0,false,false,false,30898,1200,600,,,,,,,,2025-08-02T03:41:53Z,2025-10-20T18:41:44Z,,"tcx","19933338508",,,
i102896241,2025-07-30T21:18:05,"Night Run","Run",3067,9414.75,3159,49.09517,3.742,3.059,true,167,153,76.219826,830,,,,,76.67439,51,,,3.0696936,33.3764,32.07205,,,,false,false,false,,,,,,,51,,51,177,149,158,167,176,181,186,195,740,1560,737,0,0,0,0,,,,,,,,,94.0,false,false,false,3123,300,300,,,,,,,,2025-07-30T18:18:05Z,2025-10-20T18:41:45Z,,"fit","19899300633",,"ASICS MS4",
i102896248,2025-07-27T18:27:05,"Evening Run","Run",1422,4997.95,1653,0.0,4.824,3.474,true,182,162,76.02006,431,,,,,88.25558,32,,,3.5147328,40.812984,33.15792,,,,false,false,false,,,,,,,32,,53,177,149,158,167,176,181,186,195,170,202,241,534,260,18,0,,,,,,,,,94.0,false,false,false,1479,300,300,,,,,,,,2025-07-27T15:27:05Z,2025-10-20T18:41:46Z,,"fit","19866089219",,"ASICS MS4",
i102896254,2025-07-26T11:53:14,"Lunch Ride","Ride",8632,71319.53,9709,524.0,16.011,8.262,true,165,143,88.107704,1616,true,149,193,1295354,68.92857,114,,,8.262225,42.16635,33.18582,198,1.295302,1.3496504,false,false,false,,280,,,,114,116,,48,177,142,158,165,176,181,186,195,3705,4676,251,0,0,0,0,4242,1892,988,685,357,326,142,728,94.0,false,false,false,8702,1200,600,,,30,198,195,13956,1270,2025-07-26T08:53:14Z,2025-10-20T18:41:47Z,,"fit","19853257276",,,
i102896255,2025-07-23T16:49:27,"Afternoon Run","Run",7240,21216.72,7761,143.03278,3.611,2.927,true,169,156,73.710266,1897,,,,,80.4126,132,,,2.9304862,41.432014,32.762123,,,,false,false,false,,,,,,,132,,48,177,149,158,167,176,181,186,195,682,3165,3325,81,0,0,0,,,,,,,,,94.0,false,false,false,7349,300,300,,,,,,,,2025-07-23T13:49:27Z,2025-10-20T18:41:49Z,,"fit","19825294993",,"ASICS MS4",
i102896262,2025-07-21T20:31:13,"Evening Run","Run",3215,9627.48,3364,79.75602,3.322,2.985,true,163,150,74.190674,841,,,,,74.24189,51,,,2.9945507,31.750658,31.10276,,,,false,false,false,,,,,,,51,,47,177,149,158,167,176,181,186,195,1245,1710,242,0,0,0,0,,,,,,,,,94.0,false,false,false,3331,300,300,,,,,,,,2025-07-21T17:31:13Z,2025-10-20T18:41:50Z,,"fit","19805126081",,"ASICS MS4",
i102896266,2025-07-18T14:26:53,"Afternoon Ride","Ride",7847,63949.21,8275,466.0,16.301,8.046,true,179,153,89.80395,1718,true,165,203,1320439,72.5,115,,,8.14951,38.317368,32.116863,194,1.230303,1.3267974,false,false,false,,280,,,,115,134,,53,177,142,158,165,176,181,186,195,1172,3655,2402,702,7,0,0,3195,1729,1271,765,399,329,159,904,94.0,false,false,false,7984,1200,600,13,179,30,194,191,13548,1242,2025-07-18T11:26:53Z,2025-10-20T18:41:51Z,,"fit","19772570441",,,
i102896268,2025-07-17T21:36:11,"Night Run","Run",1652,6869.98,2790,116.327515,5.318,4.06,true,182,165,80.3161,509,,,,,88.1952,39,,,4.1585836,26.541601,30.119774,,,,false,false,false,,,,,,,39,,46,177,149,158,167,176,181,186,195,134,138,324,689,401,0,0,,,,,,,,,94.0,false,false,false,1805,300,300,,,,,,,,2025-07-17T18:36:11Z,2025-10-20T18:41:52Z,,"fit","19765533239",,"ASICS NovaBlast 3 Trainer",
i102896270,2025-07-12T08:56:36,"Morning Ride","Ride",27171,203001.73,34098,1668.0,15.246,7.388,true,165,136,87.439255,4569,true,106,156,2943706,55.714287,234,,,7.471265,43.611897,32.894012,165,1.4716982,1.1470588,false,false,false,,280,,,,234,310,,52,177,142,158,165,176,181,186,195,16233,10642,551,0,0,0,0,17366,5366,2296,1137,534,337,135,1386,94.0,false,false,false,27740,1200,600,,,30,165,161,14708,1297,2025-07-12T05:56:36Z,2025-10-20T18:41:54Z,,"fit","19711666832",,,
i102896274,2025-07-11T17:54:38,"Afternoon Ride","Ride",4813,32650.93,6699,438.0,14.192,5.509,true,166,120,87.30074,770,true,90,165,546167,58.92857,46,,,6.783904,14.374949,28.048315,,1.8333334,1.375,false,false,false,,280,,,,46,44,,51,177,142,158,165,176,181,186,195,5475,397,22,5,0,0,0,3146,649,416,231,155,134,82,306,94.0,false,false,false,6098,1200,600,,,30,147,144,10940,930,2025-07-11T14:54:38Z,2025-10-20T18:41:55Z,,"fit","19701958065",,,
i102896284,2025-07-01T22:04:18,"Night Run","Run",3097,10058.15,3308,75.12285,3.676,3.241,true,170,158,76.14863,866,,,,,81.59845,59,,10,3.2477076,34.430614,34.215286,,,,false,false,false,,,,,,,59,,49,177,149,158,167,176,181,186,195,308,762,1907,131,0,0,0,,,,,,,,,94.0,false,false,false,3190,300,300,,,,,,,,2025-07-01T19:04:18Z,2025-10-20T18:41:59Z,,"fit","19603533335",,"ASICS NovaBlast 3 Trainer",
i102896291,2025-06-29T20:49:39,"Evening Ride","Ride",6205,49223.35,6337,499.0,17.262,7.921,true,159,129,,916,,,,,59.33737,61,,,7.9328527,35.365555,34.428127,,,,false,false,false,,280,,,,,61,,48,177,142,158,165,176,181,186,195,4745,1466,3,0,0,0,0,,,,,,,,,94.0,false,false,false,6237,1200,600,,,,,,,,2025-06-29T17:49:39Z,2025-10-20T18:41:59Z,,"fit","19584003709",,,
i102896298,2025-06-27T20:23:49,"Evening Run","Run",2031,7096.19,2975,15.803341,4.544,3.48,true,178,150,77.80185,566,,,,,76.127884,34,,,3.493939,36.255398,34.601997,,,,false,false,false,,,,,,,34,,64,177,149,158,167,176,181,186,195,544,791,266,428,13,0,0,,,,,,,,,94.0,false,false,false,2112,300,300,,,,,,,,2025-06-27T17:23:49Z,2025-10-20T18:42:01Z,,"fit","19562940166",,"ASICS NovaBlast 3 Trainer",
i102896302,2025-06-26T18:48:26,"Evening Ride","Ride",13486,115669.55,16840,663.0,14.127,8.558,true,173,137,,2459,,,,,68.256256,177,,,8.577009,36.60175,34.6165,,,,false,false,false,,280,,,,,177,,50,177,142,158,165,176,181,186,195,6119,4053,3048,305,0,0,0,,,,,,,,,94.0,false,false,false,13677,1200,600,,,,,,,,2025-06-26T15:48:26Z,2025-10-20T18:42:01Z,,"fit","19554762605",,,
i102896303,2025-06-20T08:33:48,"Morning Run","Run",1630,5698.72,1732,51.56187,3.882,3.486,true,180,157,78.124695,483,,,,,83.5826,32,,,3.4961474,30.725668,35.12835,,,,false,false,false,,,,,,,32,,52,177,149,158,167,176,181,186,195,423,59,447,699,8,0,0,,,,,,,,,94.0,false,false,false,1649,300,300,,,,,,,,2025-06-20T05:33:48Z,2025-10-20T18:42:03Z,,"fit","19487972837",,"ASICS NovaBlast 3 Trainer",
i102896308,2025-06-16T17:42:33,"Afternoon Ride","Ride",6542,46763.51,6889,346.0,14.015,7.111,true,144,119,,826,,,,,51.37639,49,,,7.148198,46.865433,37.81026,,,,false,false,false,,280,,,,,49,,48,177,142,158,165,176,181,186,195,6564,8,0,0,0,0,0,,,,,,,,,94.0,false,false,false,6683,1200,600,,,,,,,,2025-06-16T14:42:33Z,2025-10-20T18:42:03Z,,"fit","19451363003",,,
i102896313,2025-06-15T21:55:10,"Night Run","Run",2639,8012.81,2706,48.747433,3.602,3.029,true,161,148,75.76028,678,,,,,72.04435,39,,,3.0363054,46.53764,37.54064,,,,false,false,false,,,,,,,39,,53,177,149,158,167,176,181,186,195,1408,1184,53,0,0,0,0,,,,,,,,,94.0,false,false,false,2705,300,300,,,,,,,,2025-06-15T18:55:10Z,2025-10-20T18:42:05Z,,"fit","19444063359",,"ASICS NovaBlast 3 Trainer",
i102896318,2025-06-14T08:10:40,"Morning Ride","Ride",9010,73542.9,9502,475.0,14.304,8.121,true,168,152,,1886,,,,,77.13053,152,,,8.162364,47.695156,37.505478,,,,false,false,false,,280,,,,,152,,45,177,142,158,165,176,181,186,195,587,6973,1445,44,0,0,0,,,,,,,,,94.0,false,false,false,9198,1200,600,,,,,,,,2025-06-14T05:10:40Z,2025-10-20T18:42:05Z,,"fit","19426995178",,,
i102896322,2025-06-12T20:20:31,"Evening Run","Run",1784,6480.0,1801,,3.648,3.598,true,185,172,75.02381,538,,,,,95.91663,46,,,3.632287,36.542152,35.583935,,,,true,false,false,,,,,,,46,,54,177,149,158,167,176,181,186,195,42,127,267,542,567,243,0,,,,,,,,,94.0,false,false,false,1800,300,300,32,182,,,,,,2025-06-12T17:20:31Z,2025-10-20T18:42:06Z,,"fit","19413210762",,"ASICS NovaBlast 3 Trainer",
i102896326,2025-06-10T18:32:42,"Evening Ride","Ride",7631,62036.2,8454,421.0,13.66,8.118,true,164,142,,1434,,,,,69.89404,104,,,8.129498,40.478317,36.184315,,,,false,false,false,,280,,,,,104,,47,177,142,158,165,176,181,186,195,2905,4546,193,0,0,0,0,,,,,,,,,94.0,false,false,false,7664,1200,600,,,,,,,,2025-06-10T15:32:42Z,2025-10-20T18:42:07Z,,"fit","19392347120",,,
i102896327,2025-06-08T15:15:02,"Turku Cycling","Ride",14942,100015.33,20838,805.0,15.19,6.61,true,153,109,,1537,,,,,43.17776,80,,,6.69357,35.44168,35.38278,,,,,false,false,,280,,,,,80,,53,177,142,158,165,176,181,186,195,15010,116,0,0,0,0,0,,,,,,,,,94.0,false,false,false,15448,1200,600,,,,,,,,2025-06-08T12:15:02Z,2025-10-20T18:42:08Z,,"fit","19372562551",,,
i102896331,2025-06-07T22:56:08,"Turku Running","Run",1275,5007.42,1450,10.573823,4.553,3.908,true,186,173,79.22797,399,,,,,97.18681,35,,10,3.9273882,28.599085,34.307716,,,,,false,false,,,,,,,35,,48,177,149,158,167,176,181,186,195,115,21,43,248,621,236,0,,,,,,,,,94.0,false,false,false,1334,300,300,,,,,,,,2025-06-07T19:56:08Z,2025-10-20T18:42:09Z,,"fit","19363331038",,,
i102896337,2025-06-07T12:02:06,"Kaarina Running","Run",326,1140.28,335,4.725609,4.255,3.475,true,182,166,80.27397,97,,,,,,8,,,3.4977915,28.599085,34.307716,,,,,false,false,,,,,,,8,,48,177,149,158,167,176,181,186,195,18,17,31,219,38,5,0,,,,,,,,,94.0,false,false,false,334,0,0,,,,,,,,2025-06-07T09:02:06Z,2025-10-20T18:42:09Z,,"fit","19357435670",,,
i102896338,2025-06-07T11:46:05,"Kaarina Running","Run",399,1747.6,409,6.4916763,5.039,4.337,true,195,179,87.98496,134,,,,,,14,,,4.37995,28.599085,34.307716,,,,,false,false,,,,,,,14,,48,177,149,158,167,176,181,186,195,15,14,13,33,18,16,294,,,,,,,,,94.0,false,false,false,405,0,0,,,,,,,,2025-06-07T08:46:05Z,2025-10-20T18:42:10Z,,"fit","19357435621",,,
i102896341,2025-06-04T16:52:15,"Lieto Running","Run",3315,9566.79,3341,42.45111,3.275,2.881,true,173,162,75.93768,904,,,,,86.2646,69,,,2.8859096,32.2534,35.407497,,,,,false,false,,,,,,,69,,52,177,149,158,167,176,181,186,195,237,279,1862,943,0,0,0,,,,,,,,,94.0,false,false,false,3338,300,300,,,,,,,,2025-06-04T13:52:15Z,2025-10-20T18:42:11Z,,"fit","19331387414",,,
i102896347,2025-06-03T17:41:57,"Turku Cycling","Ride",5381,43913.07,6200,481.0,17.467,8.009,true,173,148,,1154,,,,,75.434784,87,,,8.160764,26.610407,34.59808,,,,,false,false,,280,,,,,87,,49,177,142,158,165,176,181,186,195,1585,1773,1254,867,0,0,0,,,,,,,,,94.0,false,false,false,5504,1200,600,,,,,,,,2025-06-03T14:41:57Z,2025-10-20T18:42:12Z,,"fit","19321629714",,,
i102896350,2025-05-26T21:07:43,"Turku Running","Run",3431,10683.34,3612,42.41393,4.199,3.1,true,178,159,75.58785,924,,,,,82.74994,68,,,3.1137686,47.12598,39.381172,,,,,false,false,,,,,,,68,,50,177,149,158,167,176,181,186,195,264,1186,1314,674,9,0,0,,,,,,,,,94.0,false,false,false,3575,300,300,,,,,,,,2025-05-26T18:07:43Z,2025-10-20T18:42:14Z,,"fit","19243339595",,,
i102896356,2025-05-18T10:20:30,"Uppsala Cycling","Ride",17903,104107.57,32290,1335.0,13.837,5.503,true,144,117,,2229,,,,,46.751976,118,,,5.8150907,119.3882,45.708717,,,,,false,false,,280,,,,,118,,56,177,142,158,165,176,181,186,195,18846,45,0,0,0,0,0,,,,,,,,,94.0,false,false,false,19435,1200,600,,,,,,,,2025-05-18T08:20:30Z,2025-10-20T18:42:15Z,,"fit","19166153920",,,
i102896360,2025-05-17T08:14:03,"Söderhamn Cycling","Ride",29406,183398.02,41987,2034.0,12.578,5.83,true,145,115,,3483,,,,,45.133995,181,,,6.236755,119.60138,43.966843,,,,,false,false,,280,,,,,181,,60,177,142,158,165,176,181,186,195,31394,12,0,0,0,0,0,,,,,,,,,94.0,false,false,false,31987,1200,600,,,,,,,,2025-05-17T06:14:03Z,2025-10-20T18:42:16Z,,"fit","19155052637",,,
i102896362,2025-05-16T09:35:28,"Sundsvall Cycling","Ride",28715,151858.45,40280,2405.0,16.441,5.199,true,140,113,,3197,,,,,44.73184,166,,,5.288471,110.1727,40.664997,,,,,false,false,,280,,,,,166,,57,177,142,158,165,176,181,186,195,29148,0,0,0,0,0,0,,,,,,,,,94.0,false,false,false,29866,1200,600,,,,,,,,2025-05-16T07:35:28Z,2025-10-20T18:42:17Z,,"fit","19145416690",,,
i102896366,2025-05-14T07:40:35,"Nordmaling Cycling","Ride",49461,256306.48,67692,3982.0,15.806,4.99,true,148,109,,5531,,,,,42.426,260,,,5.1819916,117.20171,38.552086,,,,,false,false,,280,,,,,260,,57,177,142,158,165,176,181,186,195,49940,51,0,0,0,0,0,,,,,,,,,94.0,false,false,false,52001,1200,600,,,,,,,,2025-05-14T05:40:35Z,2025-10-20T18:42:18Z,,"fit","19128208014",,,
i102896368,2025-05-13T09:18:36,"Skellefteå Cycling","Ride",32369,184682.2,43410,2370.0,14.92,5.645,true,151,123,,4261,,,,,52.17273,250,,,5.705527,95.272896,33.216248,,,,,false,false,,280,,,,,250,,58,177,142,158,165,176,181,186,195,30471,1727,0,0,0,0,0,,,,,,,,,94.0,false,false,false,33064,1200,600,,,,,,,,2025-05-13T07:18:36Z,2025-10-20T18:42:19Z,,"fit","19116107117",,,
i102896373,2025-05-12T09:53:38,"Piteå Cycling","Ride",21119,121537.59,36473,1502.0,14.071,5.68,true,161,125,,3015,,,,,53.464584,172,,,5.7548933,71.51223,27.992794,,,,,false,false,,280,,,,,172,,59,177,142,158,165,176,181,186,195,19329,2004,4,0,0,0,0,,,,,,,,,94.0,false,false,false,21662,1200,600,,,,,,,,2025-05-12T07:53:38Z,2025-10-20T18:42:20Z,,"fit","19105092111",,,
i102896376,2025-05-11T20:15:29,"Piteå Walking","Walk",3516,5241.06,4462,333.0,1.81,1.175,true,117,104,52.18617,501,,,,,37.76368,16,,,1.4906315,56.080822,24.522907,,,,,false,false,,,,,,,16,,50,177,149,158,167,176,181,186,195,3542,0,0,0,0,0,0,,,,,,,,,94.0,false,false,false,4039,1200,600,,,,,,,,2025-05-11T18:15:29Z,2025-10-20T18:42:21Z,,"fit","19103886653",,,
i102896381,2025-05-11T19:33:42,"Piteå Walking","Walk",897,1434.25,1323,62.0,3.107,1.084,true,123,102,54.703297,157,,,,,34.09146,4,,,1.598941,56.080822,24.522907,,,,,false,false,,,,,,,4,,50,177,149,158,167,176,181,186,195,865,0,0,0,0,0,0,,,,,,,,,94.0,false,false,false,1239,0,0,,,,,,,,2025-05-11T17:33:42Z,2025-10-20T18:42:21Z,,"fit","19103882740",,,
i102896384,2025-05-11T08:41:42,"Kalix Cycling","Ride",25233,155125.83,34266,1820.0,14.052,5.915,true,165,125,,3512,,,,,56.57174,236,,,6.147736,56.080822,24.522907,,,,,false,false,,280,,,,,236,,50,177,142,158,165,176,181,186,195,22721,3290,184,0,0,0,0,,,,,,,,,94.0,false,false,false,26547,1200,600,,,,,,,,2025-05-11T06:41:42Z,2025-10-20T18:42:22Z,,"fit","19103882570",,,
i102896387,2025-05-10T05:13:18,"Kemi Cycling","Ride",18399,101739.54,32474,1267.0,11.813,4.936,true,153,120,,2634,,,,,51.802753,158,,,5.5296235,25.380236,18.945412,,,,,false,false,,280,,,,,158,,51,177,142,158,165,176,181,186,195,19540,996,0,0,0,0,0,,,,,,,,,94.0,false,false,false,21196,1200,600,,,,,,,,2025-05-10T03:13:18Z,2025-10-20T18:42:23Z,,"fit","19095444448",,,
i102896394,2025-05-03T18:38:06,"Turku Cycling","Ride",5024,40778.26,5623,416.0,16.823,8.104,true,170,139,,940,,,,,67.451935,64,,3,8.116693,11.816217,17.989685,,,,,false,false,,280,,,,,64,,55,177,142,158,165,176,181,186,195,2309,2038,505,181,0,0,0,,,,,,,,,94.0,false,false,false,5064,1200,600,,,,,,,,2025-05-03T15:38:06Z,2025-10-20T18:42:24Z,,"fit","19015220352",,,
i102896397,2025-04-17T17:10:38,"Turku Cycling","Ride",7556,51263.65,9570,364.0,11.309,6.756,true,163,127,,1069,,,,,57.458282,70,,3,6.7844954,32.412563,24.127077,,,,,false,false,,280,,,,,70,,46,177,142,158,165,176,181,186,195,7046,509,32,0,0,0,0,,,,,,,,,94.0,false,false,false,7633,1200,600,,,,,,,,2025-04-17T14:10:38Z,2025-10-20T18:42:24Z,,"fit","18856104258",,,
i102896402,2025-04-16T20:05:48,"Turku Running","Run",3863,10541.0,4105,57.708668,3.723,2.7,true,161,147,73.80505,942,,,,,72.04274,58,,,2.7287083,26.640448,23.021759,,,,,false,false,,,,,,,58,,45,177,149,158,167,176,181,186,195,2075,1690,138,0,0,0,0,,,,,,,,,94.0,false,false,false,4023,300,300,,,,,,,,2025-04-16T17:05:48Z,2025-10-20T18:42:26Z,,"fit","18847708806",,,
i102896406,2025-04-13T20:34:24,"Indoor Cycling","VirtualRide",3614,,3614,,,0.0,true,155,136,,705,,,,,65.45631,43,,,,29.04242,23.26064,,,,true,false,false,,280,,,,,43,,47,177,142,158,165,176,181,186,195,2404,1211,0,0,0,0,0,,,,,,,,,94.0,false,false,false,3613,1200,600,,,,,,,,2025-04-13T17:34:24Z,2025-10-20T18:42:26Z,,"fit","18819460795",,,
i102896407,2025-04-12T13:37:59,"Kaarina - interval sesh 6x3min","Run",2816,9072.48,2985,33.98644,4.684,3.179,true,183,160,77.37291,776,,,,,86.389275,59,,7,3.2217615,26.899023,22.785015,,,,,false,false,,,,,,,59,,49,177,149,158,167,176,181,186,195,582,383,658,675,488,30,0,,,,,,,,,94.0,false,false,false,2846,300,300,24,182,,,,,,2025-04-12T10:37:59Z,2025-10-20T18:42:27Z,,"fit","18805229091",,,
i102896413,2025-04-09T20:58:39,"Turku Running","Run",2707,8714.9,2778,40.252228,3.536,3.215,true,175,161,76.67099,755,,,,,84.3853,54,,,3.2193942,29.234997,22.981098,,,,,false,false,,,,,,,54,,51,177,149,158,167,176,181,186,195,169,604,1456,483,0,0,0,,,,,,,,,94.0,false,false,false,2730,300,300,,,,,,,,2025-04-09T17:58:39Z,2025-10-20T18:42:28Z,,"fit","18780944061",,,
i102896415,2025-04-06T18:59:30,"Indoor Cycling","VirtualRide",3609,,3790,,,0.0,true,139,119,,508,,,,,52.951813,28,,,,33.842617,23.31805,,,,true,false,false,,280,,,,,28,,44,177,142,158,165,176,181,186,195,3582,0,0,0,0,0,0,,,,,,,,,94.0,false,false,false,3595,1200,600,,,,,,,,2025-04-06T15:59:30Z,2025-10-20T18:42:28Z,,"fit","18750927143",,,
i102896418,2025-04-06T11:58:36,"Turku Running","Run",2309,7464.95,3004,187.46281,4.236,3.199,true,185,155,76.58803,634,,,,,81.067924,45,,,3.2329798,33.842617,23.31805,,,,,false,false,,,,,,,45,,44,177,149,158,167,176,181,186,195,549,566,556,402,218,32,0,,,,,,,,,94.0,false,false,false,2465,300,300,30,181,,,,,,2025-04-06T08:58:36Z,2025-10-20T18:42:30Z,,"fit","18746091106",,,
i102896422,2025-04-03T22:31:22,"Indoor Cycling","VirtualRide",3653,,3653,,,0.0,true,151,134,,658,,,,,63.360058,40,,,,37.03294,23.199816,,,,true,false,false,,280,,,,,40,,47,177,142,158,165,176,181,186,195,3174,418,0,0,0,0,0,,,,,,,,,94.0,false,false,false,3587,1200,600,,,,,,,,2025-04-03T19:31:22Z,2025-10-20T18:42:30Z,,"fit","18723100820",,,
i102896423,2025-04-02T19:12:02,"Turku Cycling","Ride",5343,42012.86,5367,431.0,15.554,7.855,true,168,143,,1024,,,,,71.425644,76,,,7.863159,36.577305,22.795012,,,,,false,false,,280,,,,,76,,46,177,142,158,165,176,181,186,195,1898,2848,558,45,0,0,0,,,,,,,,,94.0,false,false,false,5363,1200,600,,,,,,,,2025-04-02T16:12:02Z,2025-10-20T18:42:31Z,,"fit","18711881849",,,
i102896426,2025-03-30T19:36:16,"Turku Running","Run",3020,10017.14,3161,74.494675,22.552,3.31,true,182,167,75.55669,868,,,,,90.365425,70,,,3.3169336,40.617805,22.562239,,,,,false,false,,,,,,,70,,53,177,149,158,167,176,181,186,195,208,107,1073,1194,437,6,0,,,,,,,,,94.0,false,false,false,3086,300,300,12,178,,,,,,2025-03-30T16:36:16Z,2025-10-20T18:42:32Z,,"fit","18683176916",,,
i102896429,2025-03-29T19:45:02,"Indoor Cycling","VirtualRide",10862,,11463,,,0.0,true,162,138,,1870,,,,,65.752,130,,,,36.10573,21.419214,,,,true,false,false,,280,,,,,130,,52,177,142,158,165,176,181,186,195,5805,4959,67,0,0,0,0,,,,,,,,,94.0,false,false,false,10825,1200,600,,,,,,,,2025-03-29T17:45:02Z,2025-10-20T18:42:33Z,,"fit","18674386200",,,
i102896432,2025-03-26T16:54:54,"Turku Running","Run",3637,10006.34,3812,47.76447,4.516,2.745,true,174,150,74.72958,890,,,,,74.72398,57,,,2.751262,28.85896,19.719975,,,,,false,false,,,,,,,57,,51,177,149,158,167,176,181,186,195,1468,1399,671,108,0,0,0,,,,,,,,,94.0,false,false,false,3675,300,300,,,,,,,,2025-03-26T14:54:54Z,2025-10-20T18:42:34Z,,"fit","18643898076",,,
i102896436,2025-03-26T14:32:20,"Indoor Cycling","VirtualRide",4225,,4225,,,0.0,true,151,134,,704,,,,,61.55134,44,,,,28.85896,19.719975,,,,true,false,false,,280,,,,,44,,51,177,142,158,165,176,181,186,195,3695,491,0,0,0,0,0,,,,,,,,,94.0,false,false,false,4181,1200,600,,,,,,,,2025-03-26T12:32:20Z,2025-10-20T18:42:34Z,,"fit","18642700188",,,
i102896439,2025-03-22T09:53:28,"Turku Running","Run",3575,11005.74,3995,84.12461,3.639,3.07,true,178,164,76.915,970,,,,,88.50081,81,,,3.0785286,27.294373,19.076601,,,,,false,false,,,,,,,81,,43,177,149,158,167,176,181,186,195,209,212,1230,1883,52,0,0,,,,,,,,,94.0,false,false,false,3723,300,300,,,,,,,,2025-03-22T07:53:28Z,2025-10-20T18:42:36Z,,"fit","18601610861",,,
i102896445,2025-03-20T22:16:03,"Indoor Cycling","VirtualRide",2661,,2661,,,0.0,true,152,125,,419,,,,,56.992283,24,,,,21.97203,18.008247,,,,true,false,false,,280,,,,,24,,44,177,142,158,165,176,181,186,195,2635,27,0,0,0,0,0,,,,,,,,,94.0,false,false,false,2660,0,0,,,,,,,,2025-03-20T20:16:03Z,2025-10-20T18:42:36Z,,"fit","18589849087",,,
i102896448,2025-03-18T20:55:14,"Indoor Cycling","VirtualRide",6330,,6649,,,0.0,true,148,123,,872,,,,,55.88847,55,,,,24.986917,18.294308,,,,true,false,false,,280,,,,,55,,46,177,142,158,165,176,181,186,195,6276,58,0,0,0,0,0,,,,,,,,,94.0,false,false,false,6339,1200,600,,,,,,,,2025-03-18T18:55:14Z,2025-10-20T18:42:37Z,,"fit","18584677530",,,
i102896456,2025-03-16T10:33:49,"Indoor Cycling","VirtualRide",4448,,4665,,,0.0,true,154,134,,776,,,,,63.98203,50,,,,23.5073,17.82937,,,,true,false,false,,280,,,,,50,,48,177,142,158,165,176,181,186,195,3349,1056,0,0,0,0,0,,,,,,,,,94.0,false,false,false,4397,1200,600,,,,,,,,2025-03-16T08:33:49Z,2025-10-20T18:42:38Z,,"fit","18545414012",,,
i102896458,2025-03-13T16:16:50,"Indoor Cycling","VirtualRide",2404,,2569,,,0.0,true,150,135,,464,,,,,64.04112,27,,,,25.867645,17.885963,,,,true,false,false,,280,,,,,27,,48,177,142,158,165,176,181,186,195,1789,586,0,0,0,0,0,,,,,,,,,94.0,false,false,false,2370,0,0,,,,,,,,2025-03-13T14:16:50Z,2025-10-20T18:42:39Z,,"fit","18521846872",,,
i102896460,2025-03-12T22:16:52,"Indoor Cycling","VirtualRide",1832,,1832,,,0.0,true,157,140,,379,,,,,67.246704,23,,,,25.693756,17.666359,,,,true,false,false,,280,,,,,23,,46,177,142,158,165,176,181,186,195,1177,656,0,0,0,0,0,,,,,,,,,94.0,false,false,false,1831,0,0,,,,,,,,2025-03-12T20:16:52Z,2025-10-20T18:42:39Z,,"fit","18515983412",,,
i102896465,2025-03-11T21:01:05,"Indoor Cycling","VirtualRide",4339,,4654,,,0.0,true,160,139,,861,,,,,67.81816,55,,,,26.107424,17.537844,,,,true,false,false,,280,,,,,55,,48,177,142,158,165,176,181,186,195,1689,2603,17,0,0,0,0,,,,,,,,,94.0,false,false,false,4305,1200,600,,,,,,,,2025-03-11T19:01:05Z,2025-10-20T18:42:40Z,,"fit","18515983343",,,
i102896470,2025-03-09T15:52:02,"Turku Running","Run",2211,6937.53,2394,30.379873,4.115,3.12,true,170,155,76.20782,580,,,,,78.24608,40,,,3.137734,24.998371,17.036015,,,,,false,false,,,,,,,40,,46,177,149,158,167,176,181,186,195,636,449,899,236,0,0,0,,,,,,,,,94.0,false,false,false,2352,300,300,,,,,,,,2025-03-09T13:52:02Z,2025-10-20T18:42:41Z,,"fit","18484361955",,,
i102896477,2025-03-06T17:00:10,"Turku Running","Run",4612,14047.58,4868,54.246616,3.471,3.042,true,179,165,76.17742,1240,,,,,89.53936,103,,,3.045876,30.200043,17.28657,,,,,false,false,,,,,,,103,,50,177,149,158,167,176,181,186,195,366,161,1144,2888,63,0,0,,,,,,,,,94.0,false,false,false,4625,300,300,,,,,,,,2025-03-06T15:00:10Z,2025-10-20T18:42:43Z,,"fit","18456538436",,,
i102896483,2025-03-05T22:36:36,"Indoor Cycling","VirtualRide",3760,,3760,,,0.0,true,174,147,,856,,,,,75.1694,59,,,,19.020517,15.221284,,,,true,false,false,,280,,,,,59,,49,177,142,158,165,176,181,186,195,675,2349,587,150,0,0,0,,,,,,,,,94.0,false,false,false,3759,1200,600,,,,,,,,2025-03-05T20:36:36Z,2025-10-20T18:42:43Z,,"fit","18450001659",,,
i102896487,2025-03-03T21:57:54,"Indoor Cycling","VirtualRide",1808,,1808,,,0.0,true,151,134,,364,,,,,61.57576,19,,,,14.859151,14.507769,,,,true,false,false,,280,,,,,19,,57,177,142,158,165,176,181,186,195,1313,496,0,0,0,0,0,,,,,,,,,94.0,false,false,false,1804,0,0,,,,,,,,2025-03-03T19:57:54Z,2025-10-20T18:42:44Z,,"fit","18430554699",,,
i102896491,2025-02-26T20:21:33,"Treadmill Running","VirtualRun",3377,10130.0,3382,,3.415,2.995,true,175,165,73.650505,934,,,,,88.81812,74,,,2.999704,25.186481,15.838338,,,,true,false,false,,,,,,,74,,55,177,149,158,167,176,181,186,195,123,134,1490,1635,0,0,0,,,,,,,,,94.0,false,false,false,3377,300,300,,,,,,,,2025-02-26T18:21:33Z,2025-10-20T18:42:44Z,,"fit","18385235623",,,
i102896493,2025-02-21T19:59:00,"Turku Running","Run",1605,4764.46,1681,18.547098,3.247,2.941,true,167,158,76.0853,430,,,,,81.224594,30,,,2.9685109,31.326128,15.879467,,,,,false,false,,,,,,,30,,52,177,149,158,167,176,181,186,195,187,315,1119,0,0,0,0,,,,,,,,,94.0,false,false,false,1637,300,300,,,,,,,,2025-02-21T17:59:00Z,2025-10-20T18:42:45Z,,"fit","18339148096",,,
i102896497,2025-02-20T17:18:06,"Indoor Cycling","VirtualRide",2879,,3170,,,0.0,true,164,143,,625,,,,,72.49465,42,,,,31.529776,15.539229,,,,true,false,false,,280,,,,,42,,48,177,142,158,165,176,181,186,195,732,1971,179,0,0,0,0,,,,,,,,,94.0,false,false,false,2877,0,0,,,,,,,,2025-02-20T15:18:06Z,2025-10-20T18:42:46Z,,"fit","18329286810",,,
i102896498,2025-02-19T20:22:01,"Indoor Cycling","VirtualRide",6321,,6872,,,0.0,true,164,140,,1211,,,,,68.33848,82,,,,29.921915,14.901651,,,,true,false,false,,280,,,,,82,,50,177,142,158,165,176,181,186,195,2681,3591,54,0,0,0,0,,,,,,,,,94.0,false,false,false,6321,1200,600,,,,,,,,2025-02-19T18:22:01Z,2025-10-20T18:42:47Z,,"fit","18322832994",,,
i102896501,2025-02-16T03:47:55,"Indoor Cycling","VirtualRide",14904,,14904,,,0.0,true,155,106,,1813,,,,,50.808643,106,,,,29.175257,13.932819,,,,true,false,false,,280,,,,,106,,47,177,142,158,165,176,181,186,195,12325,2463,0,0,0,0,0,,,,,,,,,94.0,false,false,false,14782,1200,600,,,,,,,,2025-02-16T01:47:55Z,2025-10-20T18:42:47Z,,"fit","18322832878",,,
i102896505,2025-02-13T10:12:26,"Indoor Cycling","VirtualRide",2403,,2403,,,0.0,true,151,135,,469,,,,,63.652874,27,,,,23.124672,12.285765,,,,true,false,false,,280,,,,,27,,49,177,142,158,165,176,181,186,195,1606,798,0,0,0,0,0,,,,,,,,,94.0,false,false,false,2399,0,0,,,,,,,,2025-02-13T08:12:26Z,2025-10-20T18:42:48Z,,"fit","18264545864",,,
i102896510,2025-02-11T19:19:34,"Indoor Cycling","VirtualRide",8018,,8260,,,0.0,true,175,147,,1644,,,,,73.560455,119,,,,25.989307,12.218707,,,,true,false,false,,280,,,,,119,,54,177,142,158,165,176,181,186,195,1572,5073,1002,277,0,0,0,,,,,,,,,94.0,false,false,false,7917,1200,600,,,,,,,,2025-02-11T17:19:34Z,2025-10-20T18:42:49Z,,"fit","18252087988",,,
i102896513,2025-02-08T12:54:03,"Turku Running","Run",3414,10768.09,3781,62.79245,3.415,3.141,true,176,163,76.881546,930,,,,,85.59473,73,,,3.1540978,15.577478,10.116222,,,,,false,false,,,,,,,73,,54,177,149,158,167,176,181,186,195,392,187,1245,1606,0,0,0,,,,,,,,,94.0,false,false,false,3587,300,300,,,,,,,,2025-02-08T10:54:03Z,2025-10-20T18:42:50Z,,"fit","18221562074",,,
i102896516,2025-02-06T21:31:23,"Indoor Cycling","VirtualRide",3354,,3354,,,0.0,true,151,125,,558,,,,,52.84281,26,,,,7.7973943,8.808267,,,,true,false,false,,280,,,,,26,,67,177,142,158,165,176,181,186,195,2949,406,0,0,0,0,0,,,,,,,,,94.0,false,false,false,3352,0,0,,,,,,,,2025-02-06T19:31:23Z,2025-10-20T18:42:51Z,,"fit","18208636213",,,
i102896519,2025-01-30T22:55:07,"Indoor Cycling","VirtualRide",1599,,1599,,,0.0,true,162,143,,376,,,,,71.982475,23,,,,11.7870655,9.683057,,,,true,false,false,,280,,,,,23,,56,177,142,158,165,176,181,186,195,244,1269,87,0,0,0,0,,,,,,,,,94.0,false,false,false,1598,0,0,,,,,,,,2025-01-30T20:55:07Z,2025-10-20T18:42:51Z,,"fit","18145679720",,,
i102896521,2025-01-29T17:09:39,"Indoor Cycling","VirtualRide",2629,,2629,,,0.0,true,170,148,,622,,,,,75.71023,41,,,,10.065151,9.362182,,,,true,false,false,,280,,,,,41,,57,177,142,158,165,176,181,186,195,510,1104,795,169,0,0,0,,,,,,,,,94.0,false,false,false,2575,0,0,,,,,,,,2025-01-29T15:09:39Z,2025-10-20T18:42:52Z,,"fit","18133845773",,,
i102896523,2025-01-19T21:46:01,"Indoor Cycling","VirtualRide",1814,,1814,,,0.0,true,146,131,,347,,,,,60.319195,18,,,,19.22439,10.655026,,,,true,false,false,,280,,,,,18,,53,177,142,158,165,176,181,186,195,1680,104,0,0,0,0,0,,,,,,,,,94.0,false,false,false,1781,0,0,,,,,,,,2025-01-19T19:46:01Z,2025-10-20T18:42:52Z,,"fit","18049002076",,,
i102896525,2025-01-18T13:30:06,"Indoor Cycling","VirtualRide",3690,,3690,,,0.0,true,162,144,,796,,,,,72.55964,53,,,,19.412415,10.478047,,,,true,false,false,,280,,,,,53,,46,177,142,158,165,176,181,186,195,658,2848,122,0,0,0,0,,,,,,,,,94.0,false,false,false,3624,1200,600,,,,,,,,2025-01-18T11:30:06Z,2025-10-20T18:42:53Z,,"fit","18037829180",,,
i102896084,2025-01-15T21:04:41,"Indoor Cycling","VirtualRide",4565,,4862,,,0.0,true,166,143,,937,,,,,69.37307,61,,,,18.968687,9.914526,,,,true,false,false,,280,,,,,61,,53,177,142,158,165,176,181,186,195,1363,2663,533,7,0,0,0,,,,,,,,,94.0,false,false,false,4563,1200,600,,,,,,,,2025-01-15T19:04:41Z,2025-10-20T18:40:58Z,,"fit","18013163843",,,
i102896085,2025-01-14T19:16:13,"Indoor Cycling","VirtualRide",1803,,1803,,,0.0,true,159,136,,377,,,,,63.210445,20,,,,12.514149,8.68361,,,,true,false,false,,280,,,,,20,,49,177,142,158,165,176,181,186,195,941,849,14,0,0,0,0,,,,,,,,,94.0,false,false,false,1802,0,0,,,,,,,,2025-01-14T17:16:13Z,2025-10-20T18:40:58Z,,"fit","18013163619",,,
i102896087,2025-01-13T22:08:55,"Indoor Cycling","VirtualRide",2734,,2744,,,0.0,true,167,145,,620,,,,,70.62039,38,,,,11.364584,8.410939,,,,true,false,false,,280,,,,,38,,46,177,142,158,165,176,181,186,195,736,1594,393,13,0,0,0,,,,,,,,,94.0,false,false,false,2743,0,0,,,,,,,,2025-01-13T20:08:55Z,2025-10-20T18:40:59Z,,"fit","17994942777",,,
i102896090,2025-01-06T13:17:08,"Treadmill Running","VirtualRun",3606,11020.0,3610,,3.359,3.054,true,176,162,72.40966,1055,,,,,87.081276,76,,,3.0560176,17.141333,8.880126,,,,true,false,false,,,,,,,76,,51,177,149,158,167,176,181,186,195,373,552,790,1881,0,0,0,,,,,,,,,94.0,false,false,false,3608,300,300,,,,,,,,2025-01-06T11:17:08Z,2025-10-20T18:40:59Z,,"fit","17929906711",,,
i102896091,2025-01-03T20:23:37,"Indoor Cycling","VirtualRide",3648,,4022,,,0.0,true,164,143,,827,,,,,69.214775,48,,,,10.782364,7.6170745,,,,true,false,false,,280,,,,,48,,49,177,142,158,165,176,181,186,195,982,2440,197,0,0,0,0,,,,,,,,,96.0,false,false,false,3607,1200,600,,,,,,,,2025-01-03T18:23:37Z,2025-10-20T18:41:00Z,,"fit","17907886499",,,
i102896093,2024-12-28T10:57:23,"Indoor Cycling","VirtualRide",1803,,1803,,,0.0,true,171,148,,480,,,,,74.23075,27,,,,10.350575,7.484001,,,,true,false,false,,280,,,,,27,,53,177,142,158,165,176,181,186,195,278,1141,243,105,0,0,0,,,,,,,,,96.0,false,false,false,1764,0,0,,,,,,,,2024-12-28T08:57:23Z,2025-10-20T18:41:01Z,,"fit","17854569628",,,
i102896097,2024-12-22T14:39:57,"Indoor Cycling","VirtualRide",3376,,3376,,,0.0,true,171,141,,779,,,,,69.3437,45,,,,15.920621,7.900463,,,,true,false,false,,280,,,,,45,,48,177,142,158,165,176,181,186,195,1210,1816,240,111,0,0,0,,,,,,,,,96.0,false,false,false,3369,0,0,,,,,,,,2024-12-22T12:39:57Z,2025-10-20T18:41:01Z,,"fit","17814719225",,,
i102896099,2024-12-20T11:11:42,"Indoor Cycling","VirtualRide",3381,,3381,,,0.0,true,170,148,,849,,,,,73.8549,50,,,,13.214141,7.1753654,,,,true,false,false,,280,,,,,50,,47,177,142,158,165,176,181,186,195,816,1491,846,151,0,0,0,,,,,,,,,96.0,false,false,false,3300,0,0,,,,,,,,2024-12-20T09:11:42Z,2025-10-20T18:41:02Z,,"fit","17799654011",,,
i102896100,2024-12-17T10:18:25,"Indoor Cycling","VirtualRide",1121,,2058,,,0.0,true,163,129,,250,,,,,63.304195,12,,,,10.0669985,6.4431205,,,,true,false,false,,280,,,,,12,,48,177,142,158,165,176,181,186,195,426,603,54,0,0,0,0,,,,,,,,,96.0,false,false,false,1078,0,0,,,,,,,,2024-12-17T08:18:25Z,2025-10-20T18:41:03Z,,"fit","17777857007",,,
i102896101,2024-12-16T20:28:15,"Treadmill Running","VirtualRun",1428,3905.24,1503,,3.21,2.599,true,176,164,73.385,448,,,,,88.96473,33,,,2.734762,9.770157,6.309226,,,,true,false,false,,,,,,,33,,54,177,149,158,167,176,181,186,195,91,44,74,1199,0,0,0,,,,,,,,,96.0,false,false,false,1501,300,300,,,,,,,,2024-12-16T18:28:15Z,2025-10-20T18:41:03Z,,"fit","17774638490",,,
i102896106,2024-12-14T19:31:58,"Treadmill Running","VirtualRun",1230,3430.75,1237,,3.378,2.774,true,184,169,75.6474,382,,,,,95.25319,31,,,2.7892277,7.155409,5.802632,,,,true,false,false,,,,,,,31,,55,177,149,158,167,176,181,186,195,57,12,144,770,182,73,0,,,,,,,,,96.0,false,false,false,1230,300,300,,,,,,,,2024-12-14T17:31:58Z,2025-10-20T18:41:03Z,,"fit","17774638399",,,
i102896108,2024-12-05T18:04:11,"Turku Running","Run",1307,4043.12,1723,18.208996,3.322,3.056,true,173,157,75.79866,380,,,,,81.378845,25,,,3.0934355,10.955293,6.2856436,,,,,false,false,,,,,,,25,,51,177,149,158,167,176,181,186,195,265,229,523,310,0,0,0,,,,,,,,,96.0,false,false,false,1359,300,300,,,,,,,,2024-12-05T16:04:11Z,2025-10-20T18:41:04Z,,"fit","17696209318",,,
i102896110,2024-12-04T19:47:14,"Turku Running","Run",2552,7923.79,2671,28.393156,3.798,3.097,true,175,165,76.70038,750,,,,,88.61739,57,,,3.1049335,8.798517,5.834717,,,,,false,false,,,,,,,57,,52,177,149,158,167,176,181,186,195,196,170,588,1599,0,0,0,,,,,,,,,96.0,false,false,false,2613,300,300,,,,,,,,2024-12-04T17:47:14Z,2025-10-20T18:41:05Z,,"fit","17688868651",,,
i102896113,2024-11-14T16:24:12,"Turku Running","Run",2929,,450231,12.432016,3.48,3.07,true,177,163,77.10424,863,,,,,88.091934,64,,,,21.07788,7.2343855,,,,,false,false,,,,,,,64,,83,177,149,158,167,176,181,186,195,184,175,1189,1392,2,0,0,,,,,,,,,96.0,false,false,false,2969,300,300,,,,,,,,2024-11-14T14:24:12Z,2025-10-20T18:41:06Z,,"fit","17577098422",,,
i102896115,2024-11-13T07:27:52,"Turku Running","Run",1870,5943.19,2072,22.240213,3.807,3.164,true,177,160,77.55353,561,,,,,84.122604,39,,,3.1781764,14.4865465,5.866605,,,,,false,false,,,,,,,39,,56,177,149,158,167,176,181,186,195,278,239,545,812,6,0,0,,,,,,,,,96.0,false,false,false,1984,300,300,,,,,,,,2024-11-13T05:27:52Z,2025-10-20T18:41:07Z,,"fit","17577096497",,,
i102896116,2024-11-09T22:17:54,"Turku Running","Run",4132,12687.19,4248,37.846577,3.471,3.067,true,176,165,77.01643,1205,,,,,87.69539,90,,,3.070472,16.459158,5.443508,,,,,false,false,,,,,,,90,,54,177,149,158,167,176,181,186,195,178,383,2194,1382,0,0,0,,,,,,,,,96.0,false,false,false,4213,300,300,,,,,,,,2024-11-09T20:17:54Z,2025-10-20T18:41:08Z,,"fit","17499171345",,,
i102896119,2024-10-31T12:48:07,"Turku Running","Run",2114,6546.94,2209,6.3275948,3.592,3.08,true,176,163,75.53579,615,,,,,86.5825,45,,,3.096944,16.198662,4.120786,,,,,false,false,,,,,,,45,,48,177,149,158,167,176,181,186,195,243,174,916,789,0,0,0,,,,,,,,,96.0,false,false,false,2161,300,300,,,,,,,,2024-10-31T10:48:07Z,2025-10-20T18:41:09Z,,"fit","17470523476",,,
i102896122,2024-10-29T21:34:02,"Turku Running","Run",2514,7863.06,2850,92.93778,3.331,3.109,true,175,159,77.35949,741,,,,,82.82365,50,,,3.127709,13.584133,3.2113495,,,,,false,false,,,,,,,50,,48,177,149,158,167,176,181,186,195,362,367,1221,577,0,0,0,,,,,,,,,96.0,false,false,false,2624,300,300,,,,,,,,2024-10-29T19:34:02Z,2025-10-20T18:41:10Z,,"fit","17410102202",,,
i102896125,2024-10-28T09:44:13,"Turku Running","Run",1247,4178.25,1320,12.077422,3.592,3.329,true,176,162,78.51505,374,,,,,87.2786,27,,,3.3506415,7.991931,2.083966,,,,,false,false,,,,,,,27,,51,177,149,158,167,176,181,186,195,97,192,253,715,0,0,0,,,,,,,,,96.0,false,false,false,1276,300,300,,,,,,,,2024-10-28T07:44:13Z,2025-10-20T18:41:11Z,,"fit","17396224614",,,
i102896130,2024-10-24T08:56:21,"Turku Running","Run",1477,5144.19,1909,21.714571,3.863,3.462,true,181,167,77.96111,460,,,,,93.890114,37,,,3.482864,7.7873087,1.5934567,,,,,false,false,,,,,,,37,,47,177,149,158,167,176,181,186,195,151,125,71,417,721,0,0,,,,,,,,,96.0,false,false,false,1511,300,300,,,,,,,,2024-10-24T05:56:21Z,2025-10-20T18:41:11Z,,"fit","17362933894",,,
i102896132,2024-10-21T06:32:30,"Turku Running","Run",1579,5381.09,1643,42.215553,3.891,3.39,true,178,161,77.4052,481,,,,,85.08518,33,,,3.4079099,4.393029,0.77643436,,,,,false,false,,,,,,,33,,48,177,149,158,167,176,181,186,195,207,194,638,537,11,0,0,,,,,,,,,96.0,false,false,false,1641,300,300,,,,,,,,2024-10-21T03:32:30Z,2025-10-20T18:41:12Z,,"fit","17336869289",,,
